lambda1,P11_Pow(I1),P11_Pow(I2),P11_Exp(I1),P11_Exp(I2),P11_Pow(I4),P11_Pow(I6),P11_Exp(I4),P11_Exp(I6),lambda2,P22_Pow(I1),P22_Pow(I2),P22_Exp(I1),P22_Exp(I2),P22_Pow(I4),P22_Pow(I6),P22_Exp(I4),P22_Exp(I6)
1.0,0.0,0.0,0.0,0.0,0.0,0.0,0.0,0.0,1.0,0.0,0.0,0.0,0.0,0.0,0.0,0.0,0.0
1.0075376884422111,0.0010573461883189514,0.010761049311987736,8.048085394673471e-07,1.4430827655174548e-06,0.002755843259936566,0.002532880494106181,0.00029270977540570703,0.03390662157374025,1.0075376884422111,0.0010573461883189514,0.010761049311987847,8.048085394673471e-07,1.4430827655174548e-06,0.0,0.0,0.0,0.0
1.015075376884422,0.0021307298699509286,0.02148131463516012,1.620455972298386e-06,2.884163845046615e-06,0.0055601157471407425,0.004941406017949471,0.0005873741761225557,0.06346019666584451,1.015075376884422,0.0021307298699509147,0.021481314635159343,1.6204559722983724e-06,2.8841638450465338e-06,0.0,0.0,0.0,0.0
1.0226130653266332,0.0032511219470217623,0.0324227323682067,2.46947743839222e-06,4.361563987613699e-06,0.008413299407894675,0.007232538338985149,0.000884008778717478,0.08932664141277452,1.0226130653266332,0.0032511219470218664,0.03242273236820714,2.4694774383922943e-06,4.361563987613807e-06,0.0,0.0,0.0,0.0
1.0301507537688441,0.004448603939351252,0.043820321859139644,3.37437008293424e-06,5.90973561378553e-06,0.011315877365805346,0.00941280223128392,0.0011826294024388818,0.11205424658568558,1.0301507537688441,0.0044486039393511825,0.04382032185913887,3.3743700829341993e-06,5.909735613785421e-06,0.0,0.0,0.0,0.0
1.0376884422110553,0.005752370361125955,0.0558806304585977,4.358007292477218e-06,7.558997514573991e-06,0.014268333915971654,0.011488315829408305,0.0014832521105697764,0.13209701616512856,1.0376884422110553,0.0057523703611259275,0.05588063045859748,4.358007292477204e-06,7.558997514573937e-06,0.0,0.0,0.0,0.0
1.0452261306532664,0.007190343826038198,0.0687774739896756,5.443908270345174e-06,9.33481134242543e-06,0.017271154519220844,0.01346481867369715,0.0017858932118315282,0.14983291035559035,1.0452261306532664,0.007190343826038101,0.06877747398967538,5.443908270345079e-06,9.334811342425376e-06,0.0,0.0,0.0,0.0
1.0527638190954773,0.00878833569956678,0.08264509861305847,6.656329515528374e-06,1.1256625521012471e-05,0.020324825796416396,0.015347697637553316,0.0020905692618383223,0.1655781992340181,1.0527638190954773,0.008788335699566836,0.08264509861306113,6.6563295155284144e-06,1.1256625521012688e-05,0.0,0.0,0.0,0.0
1.0603015075376885,0.010568740813892877,0.09756951833933702,8.020142264488263e-06,1.3336424828226467e-05,0.02342983552283448,0.017142010910368814,0.002397297064601924,0.17959882703164542,1.0603015075376885,0.010568740813892849,0.09756951833933658,8.020142264488243e-06,1.333642482822644e-05,0.0,0.0,0.0,0.0
1.0678391959798994,0.012548846563426613,0.11357949384776345,9.560463342959327e-06,1.5577252221936686e-05,0.026586672622606916,0.01885251019438198,0.0027060936740866508,0.1921194635077854,1.0678391959798994,0.012548846563426704,0.11357949384776478,9.560463342959435e-06,1.5577252221936794e-05,0.0,0.0,0.0,0.0
1.0753768844221105,0.014738961485902792,0.130639270886731,1.1302020017210757e-05,1.797208336233488e-05,0.029795827163231647,0.020483661259873068,0.0030169763958144274,0.20333075442220186,1.0753768844221105,0.014738961485903035,0.13063927088673144,1.1302020017210906e-05,1.7972083362334935e-05,0.0,0.0,0.0,0.0
1.0829145728643217,0.017140701282088097,0.14864553825262417,1.3268255313229789e-05,2.0503482496374834e-05,0.03305779035014622,0.02203966299051871,0.0033299627885197726,0.21339516124068608,1.0829145728643217,0.01714070128208807,0.14864553825262417,1.3268255313229748e-05,2.050348249637486e-05,0.0,0.0,0.0,0.0
1.0904522613065326,0.019745861833530318,0.1674308096289414,1.5480219360328805e-05,2.3144396739277343e-05,0.036373054521366716,0.02352446503931898,0.00364507066585458,0.2224516892556534,1.0904522613065326,0.019745861833530318,0.1674308096289414,1.5480219360328805e-05,2.314439673927737e-05,0.0,0.0,0.0,0.0
1.0979899497487438,0.022536298115352488,0.18677441149055518,1.7955340722949312e-05,2.5860230684300085e-05,0.03974211314218837,0.02494178420515785,0.0039623180981428925,0.2306197349674563,1.0979899497487438,0.02253629811535239,0.18677441149055518,1.7955340722949156e-05,2.586023068430014e-05,0.0,0.0,0.0,0.0
1.1055276381909547,0.025485073016093276,0.20642058715943268,2.070621999112845e-05,2.8612023786245126e-05,0.043165460799946875,0.026295119630659433,0.004281723414185104,0.23800223189636274,1.1055276381909547,0.02548507301609354,0.20642058715943512,2.0706219991128837e-05,2.861202378624545e-05,0.0,0.0,0.0,0.0
1.1130653266331658,0.028558854646972373,0.22610136927448532,2.3739621912404927e-05,3.136023420093734e-05,0.04664359319884129,0.02758776691346678,0.0046033052031122755,0.24468823467517997,1.1130653266331658,0.028558854646972623,0.22610136927448532,2.373962191240513e-05,3.136023420093734e-05,0.0,0.0,0.0,0.0
1.120603015075377,0.031721209318321134,0.24556049919086353,2.705584668614942e-05,3.4068443728055655e-05,0.050177007154814435,0.02882283121530399,0.004927082316289907,0.2507550511754491,1.120603015075377,0.03172120931832116,0.24556049919086487,2.7055846686149568e-05,3.4068443728055764e-05,0.0,0.0,0.0,0.0
1.1281407035175879,0.03493618674813935,0.26457433958499377,3.064862517525515e-05,3.670632242928662e-05,0.0537662005904925,0.030003239446124003,0.0052530738692717245,0.25627000925063004,1.1281407035175879,0.034936186748139114,0.2645743395849933,3.064862517525489e-05,3.6706322429286596e-05,0.0,0.0,0.0,0.0
1.135678391959799,0.03817152830459902,0.28296657432626793,3.450560725921311e-05,3.925141590982833e-05,0.05741167253018126,0.03113175159421467,0.005581299243803191,0.26129192674479557,1.135678391959799,0.03817152830459902,0.28296657432626704,3.450560725921311e-05,3.925141590982822e-05,0.0,0.0,0.0,0.0
1.14321608040201,0.041400970159939696,0.3006151568622175,3.860941187234737e-05,4.168964308804893e-05,0.06111392309491773,0.032210971267279856,0.00591177808987502,0.26587233945881,1.14321608040201,0.04140097015993972,0.3006151568622184,3.8609411872347394e-05,4.168964308804901e-05,0.0,0.0,0.0,0.0
1.150753768844221,0.044605390876555615,0.3174518009354754,4.293910682068777e-05,4.401468937841117e-05,0.06487345349757773,0.033243355504177355,0.0062445303278267465,0.2700565308498184,1.150753768844221,0.044605390876555656,0.31745180093547587,4.293910682068781e-05,4.40146893784112e-05,0.0,0.0,0.0,0.0
1.1582914572864322,0.04777284964576861,0.33345569964210653,4.747191370035456e-05,4.6226659351288914e-05,0.06869076603803645,0.03423122391212534,0.0065795761505004074,0.27388439865975744,1.1582914572864322,0.04777284964576875,0.3334556996421072,4.747191370035479e-05,4.622665935128902e-05,0.0,0.0,0.0,0.0
1.1658291457286432,0.05089777675827341,0.34864380513883586,5.2184907102397076e-05,4.833039237934792e-05,0.0725663640983826,0.035176767179748825,0.006916936025444586,0.27739118689266057,1.1658291457286432,0.0508977767582733,0.34864380513883564,5.218490710239686e-05,4.8330392379347865e-05,0.0,0.0,0.0,0.0
1.1733668341708543,0.05397966889044736,0.3630599381722377,5.705650126251704e-05,5.033377871784995e-05,0.07650075213818491,0.036082055012280706,0.007256630697168993,0.2806081061849027,1.1733668341708543,0.05397966889044725,0.3630599381722368,5.7056501262516755e-05,5.0333778717849895e-05,0.0,0.0,0.0,0.0
1.1809045226130652,0.05702162263442909,0.37676447569903826,6.2067579408248e-05,5.2246298021544116e-05,0.08049443568980913,0.03694904353152549,0.007598681189449567,0.2835628613290224,1.1809045226130652,0.05702162263442907,0.37676447569903804,6.20675794082481e-05,5.2246298021544143e-05,0.0,0.0,0.0,0.0
1.1884422110552764,0.06002895526595156,0.38982568168872556,6.720220014014015e-05,5.407788595056454e-05,0.08454792135378592,0.03777958217980602,0.007943108807684663,0.28628010128395304,1.1884422110552764,0.06002895526595155,0.3898256816887251,6.720220014014011e-05,5.4077885950564516e-05,0.0,0.0,0.0,0.0
1.1959798994974875,0.06300805868537633,0.4023131222084737,7.244788974996898e-05,5.583814489406821e-05,0.0886617167942281,0.03857542016401365,0.008289935141302152,0.28878180425015426,1.1959798994974875,0.06300805868537632,0.40231312220847393,7.244788974996902e-05,5.583814489406821e-05,0.0,0.0,0.0,0.0
1.2035175879396984,0.06596554254509401,0.41429315136547884,7.779558440923033e-05,5.753585977549071e-05,0.09283633073429606,0.039338212473045524,0.008639182066218009,0.29108760816614926,1.2035175879396984,0.06596554254509393,0.4142931513654782,7.779558440923046e-05,5.75358597754906e-05,0.0,0.0,0.0,0.0
1.2110552763819096,0.06890765961161725,0.4258261882471559,8.323931577609197e-05,5.9178754917483867e-05,0.09707227295171222,0.04006952549931456,0.008990871747346443,0.29321509518354666,1.2110552763819096,0.06890765961161723,0.4258261882471561,8.323931577609179e-05,5.9178754917483867e-05,0.0,0.0,0.0,0.0
1.2185929648241207,0.07183997106256555,0.436965393272035,8.877573976589537e-05,6.077342380749655e-05,0.10137005427432083,0.04077084229263662,0.009345026641162015,0.29518003721497627,1.2185929648241207,0.07183997106256568,0.4369653932720339,8.877573976589549e-05,6.077342380749642e-05,0.0,0.0,0.0,0.0
1.2261306532663316,0.07476719572389758,0.4477563447816899,9.440359757150478e-05,6.232537121956348e-05,0.10573018657569527,0.041443567472617494,0.009701669498313793,0.2969966084561857,1.2261306532663316,0.07476719572389752,0.4477563447816899,9.440359757150474e-05,6.232537121956345e-05,0.0,0.0,0.0,0.0
1.2336683417085428,0.07769318760740095,0.45823736656344716,0.00010012317823584681,6.383911966817852e-05,0.11015318277079059,0.042089031823659105,0.010060823366292302,0.29867756980677446,1.2336683417085428,0.07769318760740102,0.45823736656344805,0.00010012317823584698,6.383911966817855e-05,0.0,0.0,0.0,0.0
1.2412060301507537,0.08062099393696287,0.46844022993684087,0.00010593582974772327,6.53183453187575e-05,0.11463955681164006,0.04270849659486717,0.010422511592148975,0.30023442931173916,1.2412060301507537,0.08062099393696281,0.4684402299368404,0.00010593582974772323,6.531834531875742e-05,0.0,0.0,0.0,0.0
1.2487437185929648,0.0835529564967971,0.478391028743679,0.00011184354517747092,6.676602004569089e-05,0.1191898236830968,0.043303157525455174,0.01078675782526917,0.30167758208483286,1.2487437185929648,0.08355295649679705,0.47839102874367856,0.00011184354517747077,6.676602004569083e-05,0.0,0.0,0.0,0.0
1.2562814070351758,0.08649082977243759,0.4881110910358024,0.00011784863405915232,6.818454547878274e-05,0.1238044993986176,0.04387414861468823,0.0111535860201985,0.30301643262814204,1.2562814070351758,0.08649082977243759,0.4881110910358013,0.0001178486340591525,6.818454547878264e-05,0.0,0.0,0.0,0.0
1.263819095477387,0.08943589854942703,0.49761784330118597,0.00012395347768321587,6.957587156290407e-05,0.12848410099609045,0.04442254565398566,0.011523020439523347,0.3042595020090109,1.263819095477387,0.08943589854942707,0.49761784330118597,0.0001239534776832161,6.957587156290401e-05,0.0,0.0,0.0,0.0
1.271356783919598,0.09238908485548446,0.5069255815106497,0.00013016035979899712,7.094159670015889e-05,0.13322914653370263,0.04494936953748971,0.011895085656805558,0.3054145219784226,1.271356783919598,0.09238908485548433,0.506925581510649,0.00013016035979899698,7.09415967001588e-05,0.0,0.0,0.0,0.0
1.278894472361809,0.09535103937423661,0.5160461298333063,0.00013647136057592357,7.22830494021599e-05,0.13804015508585105,0.04545558936620189,0.012269806559572102,0.3064885178004423,1.278894472361809,0.0953510393742367,0.5160461298333072,0.0001364713605759238,7.228304940216015e-05,0.0,0.0,0.0,0.0
1.2864321608040201,0.09832221597868772,0.5249893849670353,0.00014288830056053583,7.360135300087369e-05,0.14291764673909343,0.045942125359677295,0.012647208352359971,0.3074878812992244,1.2864321608040201,0.09832221597868766,0.5249893849670342,0.0001428883005605358,7.360135300087356e-05,0.0,0.0,0.0,0.0
1.2939698492462313,0.101302930185046,0.5337637540703932,0.00014941272190969082,7.489747573489791e-05,0.14786214258813798,0.046409851588244004,0.013027316559816603,0.30841843540937547,1.2939698492462313,0.10130293018504596,0.533763754070393,0.00014941272190969074,7.489747573489794e-05,0.0,0.0,0.0,0.0
1.3015075376884422,0.10429340347180585,0.5423764993602167,0.00015604589567131584,7.617226874700913e-05,0.15287416473187318,0.04685959853777277,0.013410157029856675,0.30928549132981853,1.3015075376884422,0.10429340347180581,0.5423764993602163,0.00015604589567131576,7.61722687470091e-05,0.0,0.0,0.0,0.0
1.3090452261306533,0.10729379586207516,0.5508340042317348,0.00016278884580576074,7.742649442208353e-05,0.15795423626943764,0.047292155518151725,0.013795755936875546,0.3100938992247423,1.3090452261306533,0.10729379586207513,0.5508340042317348,0.00016278884580576072,7.742649442208348e-05,0.0,0.0,0.0,0.0
1.3165829145728642,0.11030422918438296,0.5591419755275635,0.00016964238264494713,7.866084721806438e-05,0.16310288129632486,0.047708272925819445,0.014184139785019676,0.31084809328284624,1.3165829145728642,0.11030422918438301,0.5591419755275635,0.00016964238264494734,7.866084721806448e-05,0.0,0.0,0.0,0.0
1.3241206030150754,0.11332480319965946,0.567305595229491,0.00017660714035894423,7.987596879902018e-05,0.16832062490052915,0.048108664369969766,0.01457533541151507,0.31155213183389485,1.3241206030150754,0.11332480319965942,0.5673055952294901,0.00017660714035894415,7.987596879902004e-05,0.0,0.0,0.0,0.0
1.3316582914572863,0.11635560644290609,0.5753296329825894,0.0001836836146252663,8.107245893118774e-05,0.17360799315872502,0.04849400867135792,0.01496936999005358,0.31220973312626493,1.3316582914572863,0.1163556064429061,0.5753296329825901,0.0001836836146252662,8.107245893118782e-05,0.0,0.0,0.0,0.0
1.3391959798994975,0.1193967232630206,0.5832185288732732,0.00019087219802872644,8.22508832847909e-05,0.17896551313248635,0.04886495174200675,0.015366271034238353,0.3128243072879791,1.3391959798994975,0.11939672326302056,0.5832185288732725,0.00019087219802872655,8.225088328479082e-05,0.0,0.0,0.0,0.0
1.3467336683417086,0.12244823820301112,0.5909764539992954,0.0001981732117573644,8.341177901213332e-05,0.18439371286453812,0.049222108353527916,0.01576606640108837,0.3133989849244148,1.3467336683417086,0.12244823820301115,0.5909764539992963,0.00019817321175736444,8.341177901213337e-05,0.0,0.0,0.0,0.0
1.3542713567839195,0.12551023856976903,0.5986073547072448,0.0002055869329277669,8.455565875005396e-05,0.1898931213750457,0.04956606380123414,0.01616878429460312,0.31393664274657884,1.3542713567839195,0.125510238569769,0.5986073547072446,0.00020558693292776673,8.455565875005393e-05,0.0,0.0,0.0,0.0
1.3618090452261307,0.1285828158054196,0.6061149849764389,0.00021311361740966248,8.568301351960533e-05,0.19546426865793856,0.04989737547071911,0.016574453269387748,0.3144399265729958,1.3618090452261307,0.12858281580541958,0.606114984976438,0.00021311361740966242,8.568301351960522e-05,0.0,0.0,0.0,0.0
1.3693467336683418,0.13166606608903306,0.6135029302976593,0.00022075351836860202,8.679431486179824e-05,0.2011076856772668,0.05021657431312004,0.016983102234339385,0.3149112720045675,1.3693467336683418,0.13166606608903314,0.6135029302976596,0.00022075351836860208,8.679431486179824e-05,0.0,0.0,0.0,0.0
1.3768844221105527,0.13476009046120443,0.6207746255071409,0.0002285069009496031,8.78900164482826e-05,0.2068239043635929,0.050524166234850655,0.017394760456395337,0.31535292303413853,1.3768844221105527,0.13476009046120446,0.6207746255071409,0.00022850690094960326,8.789001644828249e-05,0.0,0.0,0.0,0.0
1.3844221105527639,0.13786499466594543,0.6279333683559061,0.00023637405362238076,8.897055533288573e-05,0.2126134576104168,0.050820633407196204,0.01780945756434375,0.3157669488200398,1.3844221105527639,0.1378649946659454,0.6279333683559052,0.0002363740536223807,8.897055533288567e-05,0.0,0.0,0.0,0.0
1.3919597989949748,0.14098088883581344,0.6349823300844077,0.00024435529673284394,9.003635295770499e-05,0.2184768792706319,0.05110643550079508,0.018227223552697385,0.3161552588248119,1.3919597989949748,0.1409808888358134,0.6349823300844069,0.00024435529673284384,9.00363529577048e-05,0.0,0.0,0.0,0.0
1.399497487437186,0.14410788709961878,0.6419245638972249,0.0002524509887821126,9.108781599073893e-05,0.22441470415301598,0.05138201084969195,0.018648088785631265,0.3165196164959961,1.399497487437186,0.14410788709961883,0.6419245638972249,0.0002524509887821128,9.108781599073898e-05,0.0,0.0,0.0,0.0
1.4070351758793969,0.1472461071611603,0.6487630119610801,0.00026066153090335847,9.21253370466229e-05,0.23042746801875116,0.05164777754933149,0.01907208400098483,0.3168616516447719,1.4070351758793969,0.14724610716116038,0.6487630119610801,0.0002606615309033586,9.212533704662295e-05,0.0,0.0,0.0,0.0
1.414572864321608,0.15039566987748143,0.6555005113562147,0.00026898736994279834,9.314929532470872e-05,0.23651570757797766,0.051904134492569455,0.019499240314329428,0.3171828716598664,1.414572864321608,0.15039566987748149,0.6555005113562153,0.00026898736994279845,9.314929532470886e-05,0.0,0.0,0.0,0.0
1.4221105527638191,0.15355669885253642,0.6621397992753721,0.000277429000484033,9.416005718707285e-05,0.24267996048637683,0.05215146234750607,0.019929589223101712,0.31748467167817085,1.4221105527638191,0.15355669885253637,0.6621397992753724,0.0002774290004840329,9.416005718707285e-05,0.0,0.0,0.0,0.0
1.42964824120603,0.15672932005442133,0.6686835176705463,0.00028598696609086845,9.515797669129396e-05,0.24892076534178506,0.05239012448069458,0.020363162610803887,0.3177683438195414,1.42964824120603,0.1567293200544213,0.668683517670545,0.00028598696609086845,9.515797669129385e-05,0.0,0.0,0.0,0.0
1.4371859296482412,0.15991366145970093,0.6751342174831862,0.00029466185998633127,9.614339608776063e-05,0.25523866168083864,0.05262046782904375,0.020799992751271482,0.3180350855810597,1.4371859296482412,0.1599136614597009,0.6751342174831862,0.00029466185998633116,9.614339608776066e-05,0.0,0.0,0.0,0.0
1.4447236180904524,0.16310985272569353,0.6814943625498326,0.0003034543253363321,9.711664628796711e-05,0.2616341899756459,0.05284282372351498,0.021240112313009377,0.31828600747534175,1.4447236180904524,0.16310985272569356,0.6814943625498324,0.0003034543253363322,9.711664628796706e-05,0.0,0.0,0.0,0.0
1.4522613065326633,0.166318024890111,0.6877663332458044,0.0003123650552656936,9.807804730812896e-05,0.2681078916304914,0.053057508667512875,0.02168355436359697,0.3185221399881057,1.4522613065326633,0.166318024890111,0.6877663332458037,0.0003123650552656936,9.807804730812891e-05,0.0,0.0,0.0,0.0
1.4597989949748744,0.1695383100966965,0.6939524299100439,0.0003213947927015122,9.902790869109845e-05,0.2746603089785672,0.05326482507267949,0.02213035237416348,0.3187444399219727,1.4597989949748744,0.16953831009669637,0.6939524299100426,0.0003213947927015119,9.902790869109821e-05,0.0,0.0,0.0,0.0
1.4673366834170853,0.1727708413451603,0.7000548760812544,0.00033054433011314667,9.996652990868738e-05,0.28129198527873234,0.05346506195462772,0.022580540223933816,0.3189537961862209,1.4673366834170853,0.1727708413451603,0.7000548760812539,0.00033054433011314667,9.996652990868727e-05,0.0,0.0,0.0,0.0
1.4748743718592965,0.17601575226361688,0.7060758215669787,0.0003398145091984787,0.00010089420074596895,0.28800346471230165,0.053658495590986094,0.023034152204846257,0.31915103508582127,1.4748743718592965,0.17601575226361688,0.7060758215669787,0.00033981450919847865,0.00010089420074596895,0.0,0.0,0.0,0.0
1.4824120603015074,0.17927317690173847,0.7120173453616496,0.0003492062205513054,0.00010181120166877515,0.29479529237986013,0.053845390143975706,0.023491223026242593,0.3193369251574392,1.4824120603015074,0.17927317690173838,0.7120173453616487,0.0003492062205513053,0.00010181120166877501,0.0,0.0,0.0,0.0
1.4899497487437185,0.1825432495429344,0.717881458425939,0.00035872040333384807,0.00010271780417538481,0.3016680142981075,0.05402599824959875,0.023951787819631785,0.3195121815950954,1.4899497487437185,0.18254324954293444,0.7178814584259399,0.0003587204033338482,0.00010271780417538492,0.0,0.0,0.0,0.0
1.4974874371859297,0.18582610453396692,0.7236701063373037,0.0003683580449704775,0.0001036142711332545,0.3086221773967258,0.054200561575386226,0.024415882143527978,0.3196774703037599,1.4974874371859297,0.18582610453396697,0.723670106337305,0.00036835804497047754,0.0001036142711332546,0.0,0.0,0.0,0.0
1.5050251256281406,0.1891218761305441,0.729385171819936,0.0003781201808731598,0.00010450085710154077,0.31565832951527717,0.054369311348530076,0.024883541988363667,0.31983341161523443,1.5050251256281406,0.18912187613054407,0.7293851718199349,0.0003781201808731598,0.00010450085710154072,0.0,0.0,0.0,0.0
1.5125628140703518,0.19243069835754495,0.7350284771612072,0.00038800789420519557,0.0001053778086400979,0.3227770194001255,0.054532468856110225,0.025354803781479394,0.31998058369719706,1.5125628140703518,0.192430698357545,0.7350284771612072,0.00038800789420519573,0.0001053778086400979,0.0,0.0,0.0,0.0
1.520100502512563,0.19575270488264557,0.7406017865208814,0.0003980223156871465,0.00010624536460558044,0.3299787967013843,0.05469024591902056,0.025829704392190313,0.32011952568318924,1.520100502512563,0.19575270488264568,0.7406017865208825,0.0003980223156871467,0.0001062453646055806,0.0,0.0,0.0,0.0
1.5276381909547738,0.19908802890222416,0.7461068081387552,0.00040816462344702505,0.00010710375643524167,0.3372642119698903,0.05484284534109814,0.02630828113693123,0.3202507405485686,1.5276381909547738,0.1990880289022242,0.7461068081387561,0.0004081646234470251,0.00010710375643524178,0.0,0.0,0.0,0.0
1.5351758793969847,0.20243680303851455,0.7515451964459299,0.000418436042915634,0.00010795320841898426,0.3446338166542029,0.05499046133486722,0.02679057178448076,0.32037469775499383,1.5351758793969847,0.20243680303851458,0.7515451964459303,0.0004184360429156341,0.00010795320841898432,0.0,0.0,0.0,0.0
1.542713567839196,0.20579915924707215,0.7569185540845544,0.0004288378467671729,0.00010879393796019073,0.35208816309762647,0.05513327992522261,0.02727661456126577,0.32049183568381473,1.542713567839196,0.2057991592470722,0.7569185540845553,0.00042883784676717304,0.00010879393796019084,0.0,0.0,0.0,0.0
1.550251256281407,0.20917522873368954,0.762228433840531,0.0004393713549047559,0.00010962615582583518,0.3596278045352582,0.05527147933229601,0.02776644815674704,0.3206025638767789,1.550251256281407,0.2091752287336895,0.7622284338405305,0.0004393713549047559,0.00010962615582583507,0.0,0.0,0.0,0.0
1.557788944723618,0.21256514187998093,0.7674763404934515,0.00045003793449022416,0.00011045006638635556,0.3672532950910611,0.05540523033467342,0.02826011172888734,0.32070726510071196,1.557788944723618,0.21256514187998085,0.7674763404934508,0.000450037934490224,0.00011045006638635543,0.0,0.0,0.0,0.0
1.565326633165829,0.21596902817691188,0.7726637325877195,0.00046083900001745804,0.00011126586784573775,0.3749651897749591,0.05553469661406057,0.0287576449097031,0.3208062972512561,1.565326633165829,0.21596902817691188,0.7726637325877195,0.00046083900001745804,0.00011126586784573775,0.0,0.0,0.0,0.0
1.5728643216080402,0.2193870161656185,0.7777920241286673,0.0004717760134283667,0.00011207375246224957,0.38276404447995604,0.055660035082427325,0.02925908781090038,0.3208999951093403,1.5728643216080402,0.2193870161656185,0.7777920241286675,0.00047177601342836674,0.00011207375246224951,0.0,0.0,0.0,0.0
1.5804020100502512,0.22281923338491105,0.7828625862072127,0.00048285048427069944,0.00011287390676023489,0.3906504159792784,0.055781396192600384,0.02976448102959672,0.3209886719627895,1.5804020100502512,0.222819233384911,0.7828625862072125,0.0004828504842706992,0.00011287390676023489,0.0,0.0,0.0,0.0
1.5879396984924623,0.2262658063249092,0.7878767485564306,0.0004940639698968565,0.0001136665117333654,0.3986248619235415,0.05589892423321521,0.030273865654129897,0.3210726211043406,1.5879396984924623,0.22626580632490922,0.7878767485564309,0.0004940639698968562,0.00011366651173336535,0.0,0.0,0.0,0.0
1.5954773869346734,0.22972686038629966,0.7928358010432561,0.000505418075702915,0.0001144517430397237,0.4066879408379366,0.05601275760888429,0.03078728326995456,0.3211521172163077,1.5954773869346734,0.2297268603862997,0.7928358010432555,0.0005054180757029148,0.0001144517430397237,0.0,0.0,0.0,0.0
1.6030150753768844,0.23320251984475115,0.7977409950983312,0.0005169144554071481,0.0001152297711890788,0.41484021211944055,0.056123029106388105,0.03130477596562807,0.321227417651217,1.6030150753768844,0.23320251984475138,0.7977409950983323,0.0005169144554071486,0.00011522977118907894,0.0,0.0,0.0,0.0
1.6105527638190953,0.23669290782005684,0.8025935450868849,0.000528554811367365,0.00011600076172269496,0.4230822360340505,0.05622986614764743,0.03182638633888704,0.32129876361689524,1.6105527638190953,0.23669290782005684,0.8025935450868851,0.0005285548113673654,0.00011600076172269501,0.0,0.0,0.0,0.0
1.6180904522613067,0.2401981462496117,0.8073946296233647,0.0005403408949364721,0.0001167648753860011,0.43141457371403646,0.05633339103019134,0.03235215750281531,0.32136638127374817,1.6180904522613067,0.24019814624961172,0.8073946296233661,0.0005403408949364722,0.00011676487538600126,0.0,0.0,0.0,0.0
1.6256281407035176,0.24371835586586132,0.8121453928324192,0.0005522745068557059,0.00011752226829443293,0.4398377871552158,0.05643372115579347,0.03288213309210472,0.32143048275128056,1.6256281407035176,0.24371835586586127,0.8121453928324178,0.000552274506855706,0.00011752226829443276,0.0,0.0,0.0,0.0
1.6331658291457285,0.24725365617739115,0.8168469455586715,0.0005643574976850727,0.0001182730920927417,0.44835243921425316,0.0565309692479101,0.03341635726941068,0.32149126709029985,1.6331658291457285,0.2472536561773911,0.8168469455586709,0.0005643574976850727,0.00011827309209274162,0.0,0.0,0.0,0.0
1.6407035175879396,0.2508041654533472,0.8215003665276421,0.0005765917682705585,0.00011901749410805806,0.4569590936059762,0.056625243558516884,0.03395487473180263,0.32154892111668354,1.6407035175879396,0.25080416545334727,0.821500366527643,0.0005765917682705584,0.00011901749410805814,0.0,0.0,0.0,0.0
1.6482412060301508,0.25437000071090726,0.8261067034600083,0.0005889792702477582,0.00011975561749697544,0.4656583149007142,0.05671664806490662,0.03449773071731181,0.32160362025209027,1.6482412060301508,0.25437000071090743,0.8261067034600098,0.0005889792702477586,0.00011975561749697563,0.0,0.0,0.0,0.0
1.6557788944723617,0.2579512777055436,0.8306669741413291,0.0006015220065816271,0.00012048760138691549,0.4744506685216576,0.05680528265697853,0.03504497101157694,0.3216555292665339,1.6557788944723617,0.2579512777055436,0.8306669741413286,0.0006015220065816272,0.00012048760138691543,0.0,0.0,0.0,0.0
1.6633165829145728,0.26154811092383606,0.8351821674492192,0.0006142220321420916,0.00012121358101201802,0.48333672074223766,0.05689124331551882,0.03559664195458978,0.3217048029773265,1.6633165829145728,0.261548110923836,0.8351821674492188,0.0006142220321420915,0.00012121358101201794,0.0,0.0,0.0,0.0
1.670854271356784,0.2651606135786159,0.8396532443398848,0.0006270814543153377,0.00012193368784379197,0.4923170386835246,0.05697462228194427,0.036152790447541494,0.3217515868985173,1.670854271356784,0.26516061357861587,0.8396532443398834,0.0006270814543153376,0.00012193368784379178,0.0,0.0,0.0,0.0
1.678391959798995,0.26878889760623736,0.8440811387958209,0.0006401024336506294,0.0001226480497167504,0.5013921903116468,0.05705550821995363,0.03671346395977147,0.32179601784461137,1.678391959798995,0.2687888976062373,0.8440811387958203,0.0006401024336506293,0.0001226480497167503,0.0,0.0,0.0,0.0
1.6859296482412058,0.27243307366578884,0.8484667587363943,0.0006532871845425694,0.00012335679094924252,0.5105627444352298,0.0571339863695068,0.037278710535820186,0.32183822449204175,1.6859296482412058,0.2724330736657888,0.8484667587363937,0.0006532871845425692,0.00012335679094924247,0.0,0.0,0.0,0.0
1.6934673366834172,0.2760932511400718,0.8528109868929408,0.0006666379759487473,0.00012406003245968772,0.519829270702854,0.057210138693528076,0.037848578802587185,0.3218783279015798,1.6934673366834172,0.2760932511400719,0.8528109868929405,0.0006666379759487474,0.00012406003245968774,0.0,0.0,0.0,0.0
1.7010050251256281,0.27976953813818595,0.8571146816499351,0.0006801571321427902,0.00012475789187840373,0.5291923396005286,0.05728404401770757,0.03842311797659605,0.321916442004614,1.7010050251256281,0.279769538138186,0.857114681649936,0.0006801571321427904,0.0001247578918784038,0.0,0.0,0.0,0.0
1.708542713567839,0.2834620414995773,0.8613786778537187,0.0006938470335028682,0.000125450483655217,0.5386525224491915,0.057355778163754444,0.03900237787136794,0.32195267405598743,1.708542713567839,0.2834620414995773,0.8613786778537191,0.0006938470335028683,0.00012545048365521705,0.0,0.0,0.0,0.0
1.7160804020100502,0.2871708667994101,0.8656037875901852,0.0007077101173357307,0.00012613791916303078,0.5482103914022198,0.057425414076435505,0.039586408904904793,0.3219871250558693,1.7160804020100502,0.2871708667994102,0.8656037875901852,0.0007077101173357308,0.00012613791916303086,0.0,0.0,0.0,0.0
1.7236180904522613,0.2908961183551385,0.8697908009327635,0.0007217488787364366,0.00012682030679751936,0.5578665194429635,0.05749302194471494,0.04017526210728414,0.32201989014293947,1.7236180904522613,0.29089611835513846,0.8697908009327626,0.0007217488787364364,0.00012682030679751926,0.0,0.0,0.0,0.0
1.7311557788944723,0.2946378992341648,0.8739404866619929,0.0007359658714839414,0.00012749775207311178,0.5676214803822952,0.057558669317293025,0.04076898912836735,0.32205105896098307,1.7311557788944723,0.29463789923416456,0.873940486661992,0.0007359658714839411,0.00012749775207311168,0.0,0.0,0.0,0.0
1.7386934673366834,0.2983963112624741,0.8780535929578779,0.0007503637089727809,0.00012817035771541638,0.5774758488561798,0.05762242121282605,0.04136764224562224,0.32208071600082805,1.7386934673366834,0.2983963112624741,0.8780535929578788,0.000750363708972781,0.00012817035771541647,0.0,0.0,0.0,0.0
1.7462311557788945,0.30217145503414994,0.88213084806621,0.0007649450651811029,0.0001288382237502363,0.5874302003232589,0.05768434022509362,0.04197127437206252,0.3221089409194077,1.7462311557788945,0.30217145503415,0.8821308480662109,0.0007649450651811029,0.00012883822375023643,0.0,0.0,0.0,0.0
1.7537688442211055,0.3059634299216798,0.8861729609399429,0.0007797126756753705,0.00012950144758931342,0.5974851110624554,0.05774448662336572,0.042579939064305225,0.32213580883759185,1.7537688442211055,0.3059634299216798,0.8861729609399431,0.0007797126756753708,0.00012950144758931345,0.0,0.0,0.0,0.0
1.7613065326633166,0.30977233408696603,0.890180621856675,0.0007946693386520714,0.00013016012411293715,0.6076411581705952,0.05780291844820798,0.04319369053074813,0.32216139061830246,1.7613065326633166,0.3097723340869661,0.8901806218566759,0.0007946693386520716,0.00013016012411293736,0.0,0.0,0.0,0.0
1.7688442211055277,0.3135982644929655,0.8941545030132549,0.0008098179160168255,0.0001308143457495453,0.6178989195600423,0.05785969160295077,0.04381258363986859,0.3221857531263152,1.7688442211055277,0.31359826449296563,0.8941545030132563,0.0008098179160168258,0.00013081434574954543,0.0,0.0,0.0,0.0
1.7763819095477387,0.31744131691588817,0.8980952590984475,0.0008251613345013272,0.00013146420255243847,0.6282589739563569,0.05791485994103588,0.0444366739286462,0.32220895947103984,1.7763819095477387,0.3174413169158882,0.8980952590984479,0.0008251613345013273,0.00013146420255243853,0.0,0.0,0.0,0.0
1.7839195979899496,0.32130158595788744,0.9020035278445901,0.0008407025868185805,0.00013210978227372813,0.6387219008959654,0.05796847534944299,0.045066017611110384,0.3222310692334754,1.7839195979899496,0.3213015859578873,0.902003527844589,0.0008407025868185803,0.00013210978227372794,0.0,0.0,0.0,0.0
1.7914572864321607,0.3251791650601823,0.9058799305590983,0.0008564447328569314,0.00013275117043562608,0.6492882807238491,0.05802058782838743,0.04570067158701531,0.3222521386784458,1.7914572864321607,0.3251791650601823,0.9058799305590994,0.0008564447328569315,0.0001327511704356261,0.0,0.0,0.0,0.0
1.7989949748743719,0.3290741465165564,0.9097250726366568,0.0008723909009134596,0.0001333884503991854,0.6599586945912481,0.05807124556747078,0.046340693450643594,0.3222722209531391,1.7989949748743719,0.3290741465165565,0.909725072636657,0.0008723909009134592,0.00013338845039918544,0.0,0.0,0.0,0.0
1.8065326633165828,0.33298662148718305,0.9135395440528853,0.0008885442889672958,0.0001340217034305938,0.6707337244533815,0.058120495018456064,0.046986141499741105,0.3222913662728965,1.8065326633165828,0.33298662148718294,0.9135395440528842,0.0008885442889672957,0.00013402170343059357,0.0,0.0,0.0,0.0
1.814070351758794,0.33691668001272657,0.9173239198402403,0.0009049081659935106,0.00013465100876511692,0.681613953067186,0.05816838096483046,0.04763707474458452,0.3223096220951285,1.814070351758794,0.33691668001272657,0.9173239198402403,0.0009049081659935106,0.0001346510087651169,0.0,0.0,0.0,0.0
1.821608040201005,0.34086441102868015,0.9210787605468655,0.0009214858733182116,0.00013527644366878556,0.6925999639890665,0.05821494658830998,0.048293552917183694,0.32232703328217005,1.821608040201005,0.34086441102868004,0.9210787605468638,0.0009214858733182114,0.00013527644366878542,0.0,0.0,0.0,0.0
1.829145728643216,0.344829902379897,0.924804612679093,0.0009382808260155839,0.0001358980834979154,0.7036923415726641,0.058260233532432384,0.0489556364806209,0.322343642253828,1.829145728643216,0.3448299023798971,0.9248046126790941,0.0009382808260155839,0.00013589808349791566,0.0,0.0,0.0,0.0
1.8366834170854272,0.3488132408352824,0.9285020091282461,0.0009552965143475945,0.00013651600175654634,0.7148916709666412,0.058304281963377176,0.04962338663852911,0.3223594891303177,1.8366834170854272,0.3488132408352825,0.9285020091282468,0.0009552965143475946,0.00013651600175654642,0.0,0.0,0.0,0.0
1.8442211055276383,0.35281451210260634,0.9321714695823706,0.0009725365052471511,0.00013713027015188053,0.7261985381124778,0.05834713062814437,0.05029686534471095,0.32237461186623806,1.8442211055276383,0.35281451210260634,0.9321714695823704,0.000972536505247151,0.00013713027015188056,0.0,0.0,0.0,0.0
1.8517587939698492,0.35683380084341254,0.9358135009235076,0.000990004443845541,0.00013774095864780024,0.7376135297422879,0.058388816910216815,0.050976135312901016,0.3223890463761841,1.8517587939698492,0.35683380084341254,0.9358135009235082,0.000990004443845541,0.00013774095864780038,0.0,0.0,0.0,0.0
1.8592964824120601,0.36087119068799245,0.939428597611067,0.0010077040550450153,0.00013834813551653858,0.7491372333766467,0.05842937688282468,0.05166126002667337,0.32240282665255615,1.8592964824120601,0.3608711906879924,0.9394285976110663,0.001007704055045015,0.00013834813551653847,0.0,0.0,0.0,0.0
1.8668341708542713,0.36492676425039855,0.9430172420518697,0.0010256391451374182,0.00013895186738857536,0.7607702373224348,0.05846884535992449,0.05235230374949648,0.3224159848760832,1.8668341708542713,0.3649267642503986,0.9430172420518697,0.0010256391451374184,0.00013895186738857547,0.0,0.0,0.0,0.0
1.8743718592964824,0.3690006031434706,0.9465799049573564,0.0010438136034698082,0.0001395522193008265,0.7725131306706956,0.0585072559449996,0.053049331534937696,0.32242855151954225,1.8743718592964824,0.36900060314347066,0.9465799049573567,0.0010438136034698084,0.00013955221930082648,0.0,0.0,0.0,0.0
1.8819095477386933,0.37309278799386014,0.9501170456885037,0.0010622314041580743,0.00014014925474319253,0.7843665032945086,0.058544641077783316,0.05375240923702,0.32244055544512035,1.8819095477386933,0.37309278799386014,0.9501170456885037,0.0010622314041580743,0.0001401492547431924,0.0,0.0,0.0,0.0
1.8894472361809045,0.3772033984570252,0.9536291125888896,0.001080896607849561,0.00014074303570353058,0.7963309458468778,0.058581032079001144,0.054461603520732774,0.32245202399583656,1.8894472361809045,0.3772033984570252,0.9536291125888892,0.0010808966078495615,0.00014074303570353055,0.0,0.0,0.0,0.0
1.8969849246231156,0.38133251323218276,0.9571165433063917,0.0010998133635357883,0.00014133362271110788,0.8084070497586296,0.05861645919322344,0.05517698187269908,0.3224629830814098,1.8969849246231156,0.3813325132321827,0.9571165433063906,0.0010998133635357883,0.00014133362271110777,0.0,0.0,0.0,0.0
1.9045226130653266,0.3854802100771991,0.9605797651039494,0.0011189859104163834,0.00014192107487859487,0.8205954072363296,0.05865095162991547,0.0558986126120022,0.3224734572589332,1.9045226130653266,0.38548021007719907,0.9605797651039496,0.0011189859104163834,0.0001419210748785948,0.0,0.0,0.0,0.0
1.9120603015075377,0.3896465658234072,0.9640191951598163,0.0011384185798153942,0.00014250544994265555,0.8328966112602141,0.058684537602767414,0.056626564901173515,0.3224834698086905,1.9120603015075377,0.3896465658234072,0.9640191951598165,0.0011384185798153945,0.00014250544994265553,0.0,0.0,0.0,0.0
1.9195979899497488,0.3938316563903309,0.9674352408576992,0.001158115797151186,0.00014308680430318553,0.845311255582128,0.05871724436738281,0.057360908757343926,0.32249304280542607,1.9195979899497488,0.3938316563903309,0.9674352408577,0.001158115797151186,0.00014308680430318564,0.0,0.0,0.0,0.0
1.9271356783919598,0.39803555680031166,0.9708283000671714,0.0011780820839611885,0.00014366519306124864,0.8578399347234836,0.05874909825739999,0.058101715063562306,0.32250219718535955,1.9271356783919598,0.3980355568003116,0.9708283000671705,0.0011780820839611885,0.00014366519306124856,0.0,0.0,0.0,0.0
1.9346733668341707,0.4022583411930195,0.9741987614147312,0.001198322059982793,0.00014424067005576268,0.870483243973232,0.05878012471911755,0.058849055580282264,0.32251095280921704,1.9346733668341707,0.4022583411930195,0.9741987614147312,0.001198322059982793,0.00014424067005576268,0.0,0.0,0.0,0.0
1.9422110552763818,0.4065000828398446,0.9775470045458674,0.0012188404452917602,0.00014481328789897979,0.8832417793858427,0.05881034834469129,0.05960300295702098,0.3225193285215298,1.9422110552763818,0.4065000828398447,0.9775470045458678,0.0012188404452917604,0.0001448132878989799,0.0,0.0,0.0,0.0
1.949748743718593,0.4107608541581527,0.9808734003784483,0.00123964206249953,0.00014538309801080484,0.8961161377793017,0.05883979290396673,0.06036363074419167,0.3225273422064375,1.949748743718593,0.41076085415815267,0.9808734003784472,0.0012396420624995299,0.00014538309801080473,0.0,0.0,0.0,0.0
1.957286432160804,0.4150407267254061,0.9841783113477822,0.0012607318390109095,0.0001459501506519977,0.9091069167331198,0.05886848137500841,0.06113101340511358,0.32253501084021485,1.957286432160804,0.41504072672540604,0.9841783113477822,0.0012607318390109093,0.00014595015065199774,0.0,0.0,0.0,0.0
1.964824120603015,0.41933977129313443,0.9874620916436534,0.0012821148093436255,0.00014651449495629797,0.9222147145863562,0.05889643597338397,0.06190522632820103,0.3225423505407276,1.964824120603015,0.4193397712931344,0.9874620916436523,0.0012821148093436247,0.0001465144949562978,0.0,0.0,0.0,0.0
1.9723618090452262,0.4236580578007534,0.9907250874396192,0.001303796117511316,0.00014707617896151287,0.9354401304356506,0.058923678180258364,0.06268634583933515,0.3225493766140081,1.9723618090452262,0.4236580578007533,0.9907250874396205,0.0013037961175113156,0.00014707617896151263,0.0,0.0,0.0,0.0
1.979899497487437,0.42799565538922446,0.9939676371148791,0.0013257810194715772,0.00014763524963960637,0.9487837641332715,0.05895022876935086,0.06347444921442068,0.3225561035981303,1.979899497487437,0.42799565538922446,0.9939676371148782,0.0013257810194715772,0.00014763524963960634,0.0,0.0,0.0,0.0
1.9874371859296482,0.432352632414553,0.9971900714689623,0.0013480748856407308,0.00014819175292582446,0.9622462162851793,0.05897610783280497,0.06426961469213101,0.3225625453045501,1.9874371859296482,0.432352632414553,0.9971900714689619,0.0013480748856407308,0.0001481917529258244,0.0,0.0,0.0,0.0
1.9949748743718594,0.43672905646111426,1.0003927139295208,0.0013706832034770442,0.00014874573374689312,0.9758280882490926,0.059001334806019,0.0650719214868441,0.32256871485706806,1.9949748743718594,0.43672905646111443,1.0003927139295217,0.0013706832034770455,0.0001487457337468933,0.0,0.0,0.0,0.0
2.0025125628140703,0.44112499435481284,1.0035758807534638,0.0013936115801342016,0.00014929723604832192,0.9895299821325774,0.05902592849148279,0.06588144980177238,0.32257462472855924,2.0025125628140703,0.44112499435481284,1.0035758807534638,0.0013936115801342016,0.00014929723604832192,0.0,0.0,0.0,0.0
2.0100502512562812,0.4455405121760633,1.0067398812216803,0.0014168657451868669,0.00014984630282084425,1.003352500791141,0.05904990708166391,0.0666982808422898,0.3225802867756068,2.0100502512562812,0.4455405121760633,1.00673988122168,0.0014168657451868669,0.00014984630282084417,0.0,0.0,0.0,0.0
2.017587939698492,0.44997567527259746,1.0098850178275895,0.0014404515534302575,0.00015039297612602715,1.0172962478263423,0.059073288180984555,0.0675224968294589,0.3225857122711672,2.017587939698492,0.44997567527259746,1.0098850178275893,0.0014404515534302566,0.00015039297612602715,0.0,0.0,0.0,0.0
2.0251256281407035,0.4544305482720883,1.013011586459727,0.0014643749877557017,0.00015093729712107915,1.0313618275839114,0.0590960888269286,0.0683541810137611,0.3225909119353857,2.0251256281407035,0.4544305482720883,1.0130115864597269,0.0014643749877557017,0.00015093729712107917,0.0,0.0,0.0,0.0
2.0326633165829144,0.4589051950945951,1.0161198765785926,0.0014886421621042253,0.00015147930608288288,1.045549845151879,0.0591183255103162,0.06919341768903312,0.3225958959646732,2.0326633165829144,0.45890519509459504,1.0161198765785917,0.0014886421621042253,0.0001514793060828828,0.0,0.0,0.0,0.0
2.040201005025126,0.4633996789648266,1.019210171387964,0.0015132593245002995,0.00015201904243128452,1.0598609063587263,0.059140014194781786,0.07004029220661377,0.3226006740591502,2.040201005025126,0.46339967896482664,1.0192101713879644,0.0015132593245002998,0.0001520190424312847,0.0,0.0,0.0,0.0
2.0477386934673367,0.46791406242421835,1.0222827480008636,0.0015382328601678793,0.0001525565447516611,1.074295617771534,0.05916117033548947,0.07089489098970275,0.3226052554485545,2.0477386934673367,0.4679140624242184,1.0222827480008634,0.0015382328601678793,0.00015255654475166102,0.0,0.0,0.0,0.0
2.0552763819095476,0.4724484073428287,1.025337877600382,0.0015635692947310609,0.00015309185081679403,1.0888545866941521,0.05918180889711845,0.07175730154793658,0.3226096489167042,2.0552763819095476,0.4724484073428287,1.0253378776003819,0.001563569294731061,0.000153091850816794,0.0,0.0,0.0,0.0
2.0628140703517586,0.47700277493104826,1.0283758255955289,0.0015892752975016219,0.00015362499760807267,1.1035384211653785,0.05920194437114939,0.07262761249218361,0.32261386282460214,2.0628140703517586,0.4770027749310483,1.0283758255955282,0.0015892752975016219,0.00015362499760807259,0.0,0.0,0.0,0.0
2.0703517587939695,0.4815772257511253,1.0313968517722885,0.001615357684855884,0.00015415602133605016,1.1183477299571463,0.05922159079248133,0.07350591354956248,0.3226179051322621,2.0703517587939695,0.4815772257511254,1.0313968517722882,0.001615357684855884,0.00015415602133605003,0.0,0.0,0.0,0.0
2.077889447236181,0.48617181972850787,1.0344012104400515,0.001641823423703379,0.0001546849574603751,1.1332831225727247,0.059240761755407496,0.07439229557868729,0.32262178341933156,2.077889447236181,0.4861718197285079,1.034401210440052,0.0016418234237033792,0.00015468495746037513,0.0,0.0,0.0,0.0
2.085427135678392,0.4907866161630017,1.03738915057358,0.0016686796350498718,0.0001552118407091202,1.148345209244929,0.059259470428976814,0.07528685058514273,0.3226255049045823,2.085427135678392,0.4907866161630017,1.0373891505735808,0.0016686796350498718,0.00015521184070912028,0.0,0.0,0.0,0.0
2.092964824120603,0.49542167373974266,1.0403609159506657,0.0016959335976574068,0.00015573670509752856,1.1635346009343435,0.0592777295717669,0.07618967173719353,0.32262907646433403,2.092964824120603,0.49542167373974283,1.0403609159506675,0.0016959335976574064,0.00015573670509752837,0.0,0.0,0.0,0.0
2.100502512562814,0.5000770505399917,1.043316745285622,0.0017235927518041041,0.00015625958394619753,1.178851909327556,0.05929555154609316,0.0771008533817314,0.32263250464987453,2.100502512562814,0.5000770505399916,1.043316745285621,0.0017235927518041033,0.00015625958394619734,0.0,0.0,0.0,0.0
2.108040201005025,0.504752804051743,1.0462568723587586,0.0017516647031465267,0.00015678050989871892,1.1942977468353988,0.059312948331677336,0.07802049106046323,0.32263579570393297,2.108040201005025,0.504752804051743,1.0462568723587589,0.0017516647031465267,0.0001567805098987189,0.0,0.0,0.0,0.0
2.115577889447236,0.5094489911801563,1.0491815261419837,0.0017801572266875475,0.00015729951493879634,1.209872726591203,0.05932993153879798,0.07894868152634471,0.32263895557626243,2.115577889447236,0.5094489911801561,1.0491815261419846,0.0017801572266875466,0.00015729951493879653,0.0,0.0,0.0,0.0
2.1231155778894473,0.5141656682578067,1.0520909309206448,0.0018090782708527222,0.00015781663040685226,1.225577462449064,0.059346512420944214,0.07988552276026303,0.3226419899383819,2.1231155778894473,0.5141656682578067,1.0520909309206443,0.0018090782708527222,0.00015781663040685215,0.0,0.0,0.0,0.0
2.130653266331658,0.5189028910547607,1.054985306411761,0.001838435961678281,0.00015833188701614847,1.2414125689821145,0.05936270188699318,0.08083111398797246,0.3226449041975269,2.130653266331658,0.5189028910547606,1.0549853064117594,0.0018384359616782798,0.00015833188701614836,0.0,0.0,0.0,0.0
2.1381909547738696,0.5236607147884735,1.0578648678787541,0.0018682386071139459,0.000158845314868431,1.2573786614808111,0.05937851051293082,0.08178555569728788,0.32264770350985295,2.1381909547738696,0.5236607147884734,1.0578648678787528,0.0018682386071139454,0.0001588453148684308,0.0,0.0,0.0,0.0
2.1457286432160805,0.5284391941335141,1.0607298262427973,0.0018984947014438964,0.0001593569434691181,1.2734763559512272,0.0593939485531345,0.08274894965553836,0.322650392792935,2.1457286432160805,0.5284391941335141,1.0607298262427984,0.0018984947014438953,0.00015935694346911835,0.0,0.0,0.0,0.0
2.1532663316582914,0.5332383832311167,1.063580388190896,0.0019292129298293082,0.00015986680174204628,1.289706269113361,0.05940902595123547,0.08372139892728743,0.3226529767376031,2.1532663316582914,0.5332383832311167,1.0635803881908976,0.001929212929829309,0.00015986680174204658,0.0,0.0,0.0,0.0
2.1608040201005023,0.5380583356985635,1.0664167562808209,0.001960402172975996,0.00016037491804378693,1.3060690183994494,0.059423752350578056,0.0847030078923223,0.32265545981915067,2.1608040201005023,0.5380583356985635,1.0664167562808222,0.001960402172975996,0.00016037491804378706,0.0,0.0,0.0,0.0
2.1683417085427132,0.5428991046383959,1.069239129042978,0.0019920715119307996,0.00016088132017755142,1.3225652219522919,0.059438137104291994,0.0856938822639172,0.3226578463079521,2.1683417085427132,0.5428991046383959,1.0692391290429792,0.0019920715119308,0.00016088132017755155,0.0,0.0,0.0,0.0
2.1758793969849246,0.5477607426474626,1.0720477010793341,0.002024230233010519,0.0001613860354066951,1.3391954986235877,0.05945218928499352,0.0866941291073756,0.32266014027952145,2.1758793969849246,0.5477607426474627,1.072047701079335,0.002024230233010519,0.00016138603540669528,0.0,0.0,0.0,0.0
2.1834170854271355,0.5526433018258003,1.0748426631594832,0.002056887832867239,0.000161889090467834,1.3559604679722763,0.05946591769412998,0.0877038568588546,0.32266234562404494,2.1834170854271355,0.5526433018258003,1.0748426631594843,0.002056887832867239,0.00016188909046783425,0.0,0.0,0.0,0.0
2.190954773869347,0.5575468337853547,1.077624202313968,0.002090054023694122,0.00016239051158358883,1.3728607502628958,0.05947933087098242,0.08872317534447775,0.32266446605541516,2.190954773869347,0.5575468337853547,1.077624202313968,0.002090054023694122,0.0001623905115835888,0.0,0.0,0.0,0.0
2.198492462311558,0.5624713896585392,1.0803925019249094,0.002123738738575758,0.00016289032447496465,1.389896966463943,0.0594924371013396,0.08975219579973906,0.32266650511979533,2.198492462311558,0.5624713896585392,1.0803925019249088,0.002123738738575758,0.00016289032447496443,0.0,0.0,0.0,0.0
2.2060301507537687,0.5674170201066366,1.0831477418140778,0.002157952136987405,0.00016338855437338247,1.4070697382462485,0.0595052444258567,0.09079103088920448,0.32266846620374,2.2060301507537687,0.5674170201066366,1.0831477418140782,0.002157952136987405,0.00016338855437338258,0.0,0.0,0.0,0.0
2.2135678391959797,0.5723837753280461,1.0858900983284479,0.0021927046104475256,0.00016388522603237032,1.4243796879813597,0.05951776064811101,0.09183979472651486,0.32267035254189586,2.2135678391959797,0.572383775328046,1.085890098328446,0.0021927046104475243,0.00016388522603237007,0.0,0.0,0.0,0.0
2.2211055276381906,0.5773717050663727,1.0886197444233474,0.0022280067883281834,0.00016438036373892645,1.4418274387399284,0.05952999334236674,0.09289860289469519,0.3226721672243059,2.2211055276381906,0.5773717050663728,1.0886197444233476,0.0022280067883281834,0.00016438036373892645,0.0,0.0,0.0,0.0
2.228643216080402,0.5823808586183719,1.0913368497432627,0.002263869543828048,0.00016487399132456517,1.459413614290117,0.059541949861060234,0.09396757246677555,0.3226739132033391,2.228643216080402,0.5823808586183721,1.091336849743264,0.0022638695438280494,0.00016487399132456527,0.0,0.0,0.0,0.0
2.2361809045226133,0.5874112848417385,1.0940415807003803,0.0023003040001128416,0.00016536613217605514,1.4771388390960025,0.05955363734201673,0.09504682202672855,0.32267559330026574,2.2361809045226133,0.5874112848417385,1.0940415807003816,0.0023003040001128407,0.0001653661321760553,0.0,0.0,0.0,0.0
2.2437185929648242,0.5924630321627539,1.0967341005509417,0.0023373215366283007,0.00016585680924585984,1.4950037383159973,0.05956506271540899,0.09613647169072832,0.3226772102114973,2.2437185929648242,0.592463032162754,1.0967341005509401,0.0023373215366283002,0.00016585680924585973,0.0,0.0,0.0,0.0
2.251256281407035,0.5975361485837875,1.0994145694694644,0.002374933795590855,0.0001663460450622893,1.51300893780128,0.05957623271046803,0.09723664312873681,0.3226787665145099,2.251256281407035,0.5975361485837873,1.0994145694694633,0.002374933795590853,0.00016634604506228913,0.0,0.0,0.0,0.0
2.258793969849246,0.6026306816906547,1.1020831446209245,0.0024131526886613398,0.00016683386173937313,1.5311550640942282,0.05958715386195534,0.09834745958642183,0.32268026467346733,2.258793969849246,0.6026306816906546,1.1020831446209243,0.0024131526886613393,0.00016683386173937297,0.0,0.0,0.0,0.0
2.266331658291457,0.6077466786598369,1.1047399802309406,0.0024519904038073827,0.0001673202809864633,1.5494427444268657,0.0595978325164061,0.09946904590741291,0.32268170704456106,2.266331658291457,0.607746678659837,1.1047399802309394,0.0024519904038073823,0.00016732028098646306,0.0,0.0,0.0,0.0
2.2738693467336684,0.6128841862655641,1.107385227654027,0.0024914594123601136,0.00016780532411757402,1.5678726067193154,0.05960827483815205,0.10060152855590057,0.3226830958810812,2.2738693467336684,0.6128841862655642,1.1073852276540277,0.0024914594123601136,0.00016780532411757404,0.0,0.0,0.0,0.0
2.2814070351758793,0.6180432508867592,1.1100190354399937,0.002531572476271154,0.00016828901206046866,1.5864452795782602,0.059618486815132495,0.10174503563958369,0.32268443333823366,2.2814070351758793,0.6180432508867593,1.1100190354399928,0.0025315724762711538,0.00016828901206046836,0.0,0.0,0.0,0.0
2.2889447236180906,0.6232239185138562,1.1126415493985258,0.0025723426555760553,0.00016877136536550002,1.6051613922954198,0.05962847426450162,0.1028996969329725,0.32268572147771646,2.2889447236180906,0.6232239185138558,1.1126415493985247,0.0025723426555760535,0.00016877136536549989,0.0,0.0,0.0,0.0
2.2964824120603016,0.6284262347554791,1.1152529126620183,0.0026137833160703875,0.0001692524042142132,1.624021574846021,0.05963824283803991,0.10406564390105023,0.32268696227206856,2.2964824120603016,0.6284262347554792,1.1152529126620199,0.002613783316070389,0.0001692524042142134,0.0,0.0,0.0,0.0
2.3040201005025125,0.6336502448450014,1.1178532657467117,0.0026559081372051624,0.0001697321484277163,1.643026457887296,0.05964779802737702,0.10524300972330285,0.32268815760880243,2.3040201005025125,0.6336502448450017,1.1178532657467113,0.0026559081372051624,0.00016973214842771616,0.0,0.0,0.0,0.0
2.3115577889447234,0.6388959936469718,1.1204427466121831,0.0026987311202081965,0.00017021061747482766,1.6621766727569698,0.05965714516903342,0.10643192931811914,0.3226893092943328,2.3115577889447234,0.6388959936469718,1.1204427466121833,0.0026987311202081965,0.0001702106174748277,0.0,0.0,0.0,0.0
2.3190954773869343,0.6441635256634222,1.1230214907192413,0.002742266596438505,0.0001706878304800074,1.681472851471771,0.05966628944928751,0.1076325393675706,0.32269041905771134,2.3190954773869343,0.644163525663422,1.1230214907192402,0.0027422665964385038,0.00017068783048000715,0.0,0.0,0.0,0.0
2.3266331658291457,0.6494528850400492,1.1255896310862785,0.002786529235980878,0.00017116380623107536,1.7009156267259402,0.05967523590887486,0.10884497834257474,0.3226914885541778,2.3266331658291457,0.6494528850400492,1.1255896310862787,0.002786529235980878,0.0001711638062310754,0.0,0.0,0.0,0.0
2.3341708542713566,0.6547641155722805,1.1281472983441232,0.0028315340564880782,0.00017163856318672853,1.7205056318897505,0.05968398944752593,0.11006938652844993,0.3226925193685376,2.3341708542713566,0.6547641155722805,1.1281472983441225,0.0028315340564880782,0.0001716385631867284,0.0,0.0,0.0,0.0
2.341708542713568,0.6600972607112209,1.1306946207894397,0.002877296432278433,0.00017211211948385796,1.740243501008042,0.059692554828348225,0.11130590605086758,0.3226935130183744,2.341708542713568,0.6600972607112208,1.1306946207894393,0.0028772964322784323,0.0001721121194838578,0.0,0.0,0.0,0.0
2.349246231155779,0.6654523635694843,1.1332317244367223,0.002923832103696681,0.0001725844929446753,1.7601298687987472,0.059700936682058746,0.11255468090220729,0.3226944709571059,2.349246231155779,0.6654523635694842,1.133231724436721,0.0029238321036966796,0.00017258449294467514,0.0,0.0,0.0,0.0
2.35678391959799,0.6708294669269143,1.1357587330689165,0.0029711571867463977,0.00017305570108365248,1.7801653706514493,0.05970913951107233,0.1138158569683241,0.32269539457689217,2.35678391959799,0.6708294669269143,1.1357587330689163,0.0029711571867463973,0.00017305570108365237,0.0,0.0,0.0,0.0
2.3643216080402008,0.6762286132361913,1.1382757682867217,0.0030192881830024493,0.00017352576111428044,1.8003506426259235,0.05971716769345117,0.11508958205573154,0.3226962852114028,2.3643216080402008,0.6762286132361913,1.1382757682867217,0.003019288183002449,0.0001735257611142805,0.0,0.0,0.0,0.0
2.3718592964824117,0.6816498446283324,1.1407829495566089,0.0030682419898122636,0.00017399468995565418,1.8206863214507023,0.059725025486720734,0.11637600591920984,0.32269714413845096,2.3718592964824117,0.6816498446283326,1.1407829495566104,0.003068241989812262,0.0001739946899556544,0.0,0.0,0.0,0.0
2.379396984924623,0.6870932029180843,1.1432803942575838,0.0031180359107950686,0.00017446250423888517,1.841173044521643,0.05973271703155688,0.11767528028984515,0.32269797258250077,2.379396984924623,0.6870932029180843,1.1432803942575838,0.0031180359107950686,0.00017446250423888511,0.0,0.0,0.0,0.0
2.3869346733668344,0.6925587296092102,1.145768217726748,0.0031686876666484304,0.00017492922031335208,1.8618114499004992,0.059740246355349066,0.11898755890350714,0.3226987717170546,2.3869346733668344,0.69255872960921,1.1457682177267472,0.00316868766664843,0.00017492922031335192,0.0,0.0,0.0,0.0
2.3944723618090453,0.6980464658996784,1.1482465333036855,0.0032202154062718658,0.00017539485425278802,1.8826021763135075,0.05974761737564404,0.12031299752977236,0.3226995426669266,2.3944723618090453,0.6980464658996784,1.148246533303687,0.0032202154062718675,0.00017539485425278835,0.0,0.0,0.0,0.0
2.4020100502512562,0.7035564526867434,1.1507154523737042,0.0032726377182175606,0.00017585942186121545,1.903545863149977,0.05975483390347451,0.12165175400130114,0.32270028651040766,2.4020100502512562,0.7035564526867434,1.1507154523737058,0.0032726377182175606,0.00017585942186121564,0.0,0.0,0.0,0.0
2.409547738693467,0.7090887305719349,1.1531750844099762,0.003325973642478569,0.00017632293867872757,1.9246431504608874,0.05976189964657689,0.12300398824367421,0.3227010042813282,2.409547738693467,0.7090887305719349,1.1531750844099764,0.003325973642478569,0.00017632293867872754,0.0,0.0,0.0,0.0
2.417085427135678,0.7146433398659444,1.1556255370146042,0.0033802426826252977,0.00017678541998712445,1.9458946789574942,0.05976881821250215,0.12436986230569898,0.3227016969710228,2.417085427135678,0.7146433398659444,1.1556255370146042,0.003380242682625296,0.00017678541998712445,0.0,0.0,0.0,0.0
2.4246231155778895,0.7202203205934213,1.1580669159586454,0.0034354648183013456,0.00017724688081540772,1.9673010900099386,0.05977559311162371,0.1257495403901909,0.3227023655302025,2.4246231155778895,0.7202203205934213,1.1580669159586454,0.0034354648183013456,0.00017724688081540772,0.0,0.0,0.0,0.0
2.4321608040201004,0.7258197124976713,1.1604993252211213,0.003491660518090249,0.00017770733594513555,1.9888630256458688,0.05978222776004608,0.12714318888523926,0.32270301087073927,2.4321608040201004,0.7258197124976713,1.1604993252211209,0.0034916605180902484,0.00017770733594513546,0.0,0.0,0.0,0.0
2.4396984924623117,0.7314415550452695,1.1629228670270513,0.0035488507527649885,0.0001781667999156441,2.0105811285490702,0.05978872548241769,0.12855097639596585,0.32270363386736656,2.4396984924623117,0.7314415550452695,1.1629228670270524,0.003548850752764989,0.00017816679991564425,0.0,0.0,0.0,0.0
2.4472361809045227,0.7370858874305759,1.1653376418845218,0.0036070570089326024,0.00017862528702913924,2.032456042058091,0.05979508951465154,0.12997307377678313,0.3227042353593005,2.4472361809045227,0.7370858874305759,1.1653376418845223,0.0036070570089326024,0.00017862528702913935,0.0,0.0,0.0,0.0
2.4547738693467336,0.7427527485801722,1.1677437486208413,0.0036663013030866372,0.00017908281135566118,2.0544884101648937,0.05980132300655683,0.13140965416416212,0.32270481615178565,2.4547738693467336,0.7427527485801724,1.167743748620842,0.0036663013030866372,0.00017908281135566132,0.0,0.0,0.0,0.0
2.4623115577889445,0.7484421771572045,1.1701412844177856,0.003726606196080609,0.0001795393867379262,2.0766788775134946,0.05980742902438477,0.13286089300991705,0.32270537701756913,2.4623115577889445,0.7484421771572045,1.1701412844177845,0.0037266061960806087,0.0001795393867379261,0.0,0.0,0.0,0.0
2.4698492462311554,0.7541542115656477,1.172530344845968,0.0037879948080360984,0.00017999502679604828,2.0990280893986237,0.05981341055329169,0.13432696811501665,0.32270591869830606,2.4698492462311554,0.7541542115656478,1.1725303448459703,0.0037879948080360984,0.00017999502679604858,0.0,0.0,0.0,0.0
2.477386934673367,0.7598888899544829,1.1749110238983755,0.003850490833699652,0.00018044974493214682,2.121536691764385,0.059819270499722216,0.13580805966393003,0.3227064419059008,2.477386934673367,0.7598888899544829,1.1749110238983753,0.003850490833699652,0.00018044974493214684,0.0,0.0,0.0,0.0
2.484924623115578,0.7656462502217962,1.177283414023053,0.0039141185582630056,0.0001809035543348385,2.1442053312029237,0.059825011693715596,0.1373043502595164,0.3227069473237858,2.484924623115578,0.7656462502217962,1.177283414023052,0.0039141185582630056,0.00018090355433483842,0.0,0.0,0.0,0.0
2.492462311557789,0.7714263300187973,1.1796476061550096,0.003978902873661816,0.00018135646798362205,2.167034654953101,0.05983063689113756,0.13881602495846837,0.32270743560814225,2.492462311557789,0.7714263300187973,1.1796476061550103,0.003978902873661816,0.0001813564679836221,0.0,0.0,0.0,0.0
2.5,0.7772291667537617,1.1820036897473374,0.0040448692953685495,0.00018180849865315565,2.1900253108991823,0.059836148775840634,0.14034327130731764,0.32270790738906485,2.5,0.7772291667537613,1.1820036897473356,0.0040448692953685495,0.0001818084986531554,0.0,0.0,0.0,0.0
